concrete_sku,name,quantity,is_never_out_of_stock,is_bundle
SPORTS0C,Warehouse1,100,1,0
SPORTS1C,Warehouse1,100,1,0
SPORTS2C,Warehouse1,100,1,0
SPORTS3C,Warehouse1,100,1,0
SPORTS4C,Warehouse1,100,1,0
SPORTS5C,Warehouse1,100,1,0
SPORTS6C,Warehouse1,100,1,0
SPORTS7C,Warehouse1,100,1,0
SPORTS8C,Warehouse1,100,1,0
SPORTS9C,Warehouse1,100,1,0
SPORTS10C,Warehouse1,100,1,0
SPORTS11C,Warehouse1,100,1,0
SPORTS12C,Warehouse1,100,1,0
SPORTS13C,Warehouse1,100,1,0
SPORTS14C,Warehouse1,100,1,0
SPORTS15C,Warehouse1,100,1,0
SPORTS16C,Warehouse1,100,1,0
SPORTS17C,Warehouse1,100,1,0
SPORTS18C,Warehouse1,100,1,0
SPORTS19C,Warehouse1,100,1,0
SPORTS20C,Warehouse1,100,1,0
SPORTS21C,Warehouse1,100,1,0
SPORTS22C,Warehouse1,100,1,0
SPORTS23C,Warehouse1,100,1,0
SPORTS24C,Warehouse1,100,1,0
SPORTS25C,Warehouse1,100,1,0
SPORTS26C,Warehouse1,100,1,0
SPORTS27C,Warehouse1,100,1,0
SPORTS28C,Warehouse1,100,1,0
SPORTS29C,Warehouse1,100,1,0
SPORTS30C,Warehouse1,100,1,0
SPORTS31C,Warehouse1,100,1,0
SPORTS32C,Warehouse1,100,1,0
SPORTS33C,Warehouse1,100,1,0
SPORTS34C,Warehouse1,100,1,0
SPORTS35C,Warehouse1,100,1,0
SPORTS36C,Warehouse1,100,1,0
SPORTS37C,Warehouse1,100,1,0
SPORTS38C,Warehouse1,100,1,0
SPORTS39C,Warehouse1,100,1,0
SPORTS40C,Warehouse1,100,1,0
SPORTS41C,Warehouse1,100,1,0
SPORTS42C,Warehouse1,100,1,0
SPORTS43C,Warehouse1,100,1,0
SPORTS44C,Warehouse1,100,1,0
SPORTS45C,Warehouse1,100,1,0
SPORTS46C,Warehouse1,100,1,0
SPORTS47C,Warehouse1,100,1,0
SPORTS48C,Warehouse1,100,1,0
SPORTS49C,Warehouse1,100,1,0
SPORTS50C,Warehouse1,100,1,0
SPORTS51C,Warehouse1,100,1,0
SPORTS52C,Warehouse1,100,1,0
SPORTS53C,Warehouse1,100,1,0
SPORTS54C,Warehouse1,100,1,0
SPORTS55C,Warehouse1,100,1,0
SPORTS56C,Warehouse1,100,1,0
SPORTS57C,Warehouse1,100,1,0
SPORTS58C,Warehouse1,100,1,0
SPORTS59C,Warehouse1,100,1,0
SPORTS60C,Warehouse1,100,1,0
SPORTS61C,Warehouse1,100,1,0
SPORTS62C,Warehouse1,100,1,0
SPORTS63C,Warehouse1,100,1,0
SPORTS64C,Warehouse1,100,1,0
SPORTS65C,Warehouse1,100,1,0
SPORTS66C,Warehouse1,100,1,0
SPORTS67C,Warehouse1,100,1,0
SPORTS68C,Warehouse1,100,1,0
SPORTS69C,Warehouse1,100,1,0
SPORTS70C,Warehouse1,100,1,0
SPORTS71C,Warehouse1,100,1,0
SPORTS72C,Warehouse1,100,1,0
SPORTS73C,Warehouse1,100,1,0
SPORTS74C,Warehouse1,100,1,0
SPORTS75C,Warehouse1,100,1,0
SPORTS76C,Warehouse1,100,1,0
SPORTS77C,Warehouse1,100,1,0
SPORTS78C,Warehouse1,100,1,0
SPORTS79C,Warehouse1,100,1,0
SPORTS80C,Warehouse1,100,1,0
SPORTS81C,Warehouse1,100,1,0
SPORTS82C,Warehouse1,100,1,0
SPORTS83C,Warehouse1,100,1,0
SPORTS84C,Warehouse1,100,1,0
SPORTS85C,Warehouse1,100,1,0
SPORTS86C,Warehouse1,100,1,0
SPORTS87C,Warehouse1,100,1,0
SPORTS88C,Warehouse1,100,1,0
SPORTS89C,Warehouse1,100,1,0
SPORTS90C,Warehouse1,100,1,0
SPORTS91C,Warehouse1,100,1,0
SPORTS92C,Warehouse1,100,1,0
SPORTS93C,Warehouse1,100,1,0
SPORTS94C,Warehouse1,100,1,0
SPORTS95C,Warehouse1,100,1,0
SPORTS96C,Warehouse1,100,1,0
SPORTS97C,Warehouse1,100,1,0
SPORTS98C,Warehouse1,100,1,0
SPORTS99C,Warehouse1,100,1,0
SPORTS100C,Warehouse1,100,1,0
SPORTS101C,Warehouse1,100,1,0
SPORTS102C,Warehouse1,100,1,0
SPORTS103C,Warehouse1,100,1,0
SPORTS104C,Warehouse1,100,1,0
SPORTS105C,Warehouse1,100,1,0
SPORTS106C,Warehouse1,100,1,0
SPORTS107C,Warehouse1,100,1,0
SPORTS108C,Warehouse1,100,1,0
SPORTS109C,Warehouse1,100,1,0
SPORTS110C,Warehouse1,100,1,0
SPORTS111C,Warehouse1,100,1,0
SPORTS112C,Warehouse1,100,1,0
SPORTS113C,Warehouse1,100,1,0
SPORTS114C,Warehouse1,100,1,0
SPORTS115C,Warehouse1,100,1,0
SPORTS116C,Warehouse1,100,1,0
SPORTS117C,Warehouse1,100,1,0
SPORTS118C,Warehouse1,100,1,0
SPORTS119C,Warehouse1,100,1,0
SPORTS120C,Warehouse1,100,1,0
SPORTS121C,Warehouse1,100,1,0
SPORTS122C,Warehouse1,100,1,0
SPORTS123C,Warehouse1,100,1,0
SPORTS124C,Warehouse1,100,1,0
SPORTS125C,Warehouse1,100,1,0
SPORTS126C,Warehouse1,100,1,0
SPORTS127C,Warehouse1,100,1,0
SPORTS128C,Warehouse1,100,1,0
SPORTS129C,Warehouse1,100,1,0
SPORTS130C,Warehouse1,100,1,0
SPORTS131C,Warehouse1,100,1,0
SPORTS132C,Warehouse1,100,1,0
SPORTS133C,Warehouse1,100,1,0
SPORTS134C,Warehouse1,100,1,0
SPORTS135C,Warehouse1,100,1,0
SPORTS136C,Warehouse1,100,1,0
SPORTS137C,Warehouse1,100,1,0
SPORTS138C,Warehouse1,100,1,0
SPORTS139C,Warehouse1,100,1,0
SPORTS140C,Warehouse1,100,1,0
SPORTS141C,Warehouse1,100,1,0
SPORTS142C,Warehouse1,100,1,0
SPORTS143C,Warehouse1,100,1,0
SPORTS144C,Warehouse1,100,1,0
SPORTS145C,Warehouse1,100,1,0
SPORTS146C,Warehouse1,100,1,0
SPORTS147C,Warehouse1,100,1,0
SPORTS148C,Warehouse1,100,1,0
SPORTS149C,Warehouse1,100,1,0
SPORTS150C,Warehouse1,100,1,0
SPORTS151C,Warehouse1,100,1,0
SPORTS152C,Warehouse1,100,1,0
SPORTS153C,Warehouse1,100,1,0
SPORTS154C,Warehouse1,100,1,0
SPORTS155C,Warehouse1,100,1,0
SPORTS156C,Warehouse1,100,1,0
SPORTS157C,Warehouse1,100,1,0
SPORTS158C,Warehouse1,100,1,0
SPORTS159C,Warehouse1,100,1,0
SPORTS160C,Warehouse1,100,1,0
SPORTS161C,Warehouse1,100,1,0
SPORTS162C,Warehouse1,100,1,0
SPORTS163C,Warehouse1,100,1,0
SPORTS164C,Warehouse1,100,1,0
SPORTS165C,Warehouse1,100,1,0
SPORTS166C,Warehouse1,100,1,0
SPORTS167C,Warehouse1,100,1,0
SPORTS168C,Warehouse1,100,1,0
SPORTS169C,Warehouse1,100,1,0
SPORTS170C,Warehouse1,100,1,0
SPORTS171C,Warehouse1,100,1,0
SPORTS172C,Warehouse1,100,1,0
SPORTS173C,Warehouse1,100,1,0
SPORTS174C,Warehouse1,100,1,0
SPORTS175C,Warehouse1,100,1,0
SPORTS176C,Warehouse1,100,1,0
SPORTS177C,Warehouse1,100,1,0
SPORTS178C,Warehouse1,100,1,0
SPORTS179C,Warehouse1,100,1,0
SPORTS180C,Warehouse1,100,1,0
SPORTS181C,Warehouse1,100,1,0
SPORTS182C,Warehouse1,100,1,0
SPORTS183C,Warehouse1,100,1,0
SPORTS184C,Warehouse1,100,1,0
SPORTS185C,Warehouse1,100,1,0
SPORTS186C,Warehouse1,100,1,0
SPORTS187C,Warehouse1,100,1,0
SPORTS188C,Warehouse1,100,1,0
SPORTS189C,Warehouse1,100,1,0
SPORTS190C,Warehouse1,100,1,0
SPORTS191C,Warehouse1,100,1,0
SPORTS192C,Warehouse1,100,1,0
SPORTS193C,Warehouse1,100,1,0
SPORTS194C,Warehouse1,100,1,0
SPORTS195C,Warehouse1,100,1,0
SPORTS196C,Warehouse1,100,1,0
SPORTS197C,Warehouse1,100,1,0
SPORTS198C,Warehouse1,100,1,0
SPORTS199C,Warehouse1,100,1,0
SPORTS200C,Warehouse1,100,1,0
SPORTS201C,Warehouse1,100,1,0
SPORTS202C,Warehouse1,100,1,0
SPORTS203C,Warehouse1,100,1,0
SPORTS204C,Warehouse1,100,1,0
SPORTS205C,Warehouse1,100,1,0
SPORTS206C,Warehouse1,100,1,0
SPORTS207C,Warehouse1,100,1,0
SPORTS208C,Warehouse1,100,1,0
SPORTS209C,Warehouse1,100,1,0
SPORTS210C,Warehouse1,100,1,0
SPORTS211C,Warehouse1,100,1,0
SPORTS212C,Warehouse1,100,1,0
SPORTS213C,Warehouse1,100,1,0
SPORTS214C,Warehouse1,100,1,0
SPORTS215C,Warehouse1,100,1,0
SPORTS216C,Warehouse1,100,1,0
SPORTS217C,Warehouse1,100,1,0
SPORTS218C,Warehouse1,100,1,0
SPORTS219C,Warehouse1,100,1,0
SPORTS220C,Warehouse1,100,1,0
SPORTS221C,Warehouse1,100,1,0
SPORTS222C,Warehouse1,100,1,0
SPORTS223C,Warehouse1,100,1,0
SPORTS224C,Warehouse1,100,1,0
SPORTS225C,Warehouse1,100,1,0
SPORTS226C,Warehouse1,100,1,0
SPORTS227C,Warehouse1,100,1,0
SPORTS228C,Warehouse1,100,1,0
SPORTS229C,Warehouse1,100,1,0
SPORTS230C,Warehouse1,100,1,0
SPORTS231C,Warehouse1,100,1,0
SPORTS232C,Warehouse1,100,1,0
SPORTS233C,Warehouse1,100,1,0
SPORTS234C,Warehouse1,100,1,0
SPORTS235C,Warehouse1,100,1,0
SPORTS236C,Warehouse1,100,1,0
SPORTS237C,Warehouse1,100,1,0
SPORTS238C,Warehouse1,100,1,0
SPORTS239C,Warehouse1,100,1,0
SPORTS240C,Warehouse1,100,1,0
SPORTS241C,Warehouse1,100,1,0
SPORTS242C,Warehouse1,100,1,0
SPORTS243C,Warehouse1,100,1,0
SPORTS244C,Warehouse1,100,1,0
SPORTS245C,Warehouse1,100,1,0
SPORTS246C,Warehouse1,100,1,0
SPORTS247C,Warehouse1,100,1,0
SPORTS248C,Warehouse1,100,1,0
SPORTS249C,Warehouse1,100,1,0
SPORTS250C,Warehouse1,100,1,0
SPORTS251C,Warehouse1,100,1,0
SPORTS252C,Warehouse1,100,1,0
SPORTS253C,Warehouse1,100,1,0
SPORTS254C,Warehouse1,100,1,0
SPORTS255C,Warehouse1,100,1,0
SPORTS256C,Warehouse1,100,1,0
SPORTS257C,Warehouse1,100,1,0
SPORTS258C,Warehouse1,100,1,0
SPORTS259C,Warehouse1,100,1,0
SPORTS260C,Warehouse1,100,1,0
SPORTS261C,Warehouse1,100,1,0
SPORTS262C,Warehouse1,100,1,0
SPORTS263C,Warehouse1,100,1,0
SPORTS264C,Warehouse1,100,1,0
SPORTS265C,Warehouse1,100,1,0
SPORTS266C,Warehouse1,100,1,0
SPORTS267C,Warehouse1,100,1,0
SPORTS268C,Warehouse1,100,1,0
SPORTS269C,Warehouse1,100,1,0
SPORTS270C,Warehouse1,100,1,0
SPORTS271C,Warehouse1,100,1,0
SPORTS272C,Warehouse1,100,1,0
SPORTS273C,Warehouse1,100,1,0
SPORTS274C,Warehouse1,100,1,0
SPORTS275C,Warehouse1,100,1,0
SPORTS276C,Warehouse1,100,1,0
SPORTS277C,Warehouse1,100,1,0
SPORTS278C,Warehouse1,100,1,0
SPORTS279C,Warehouse1,100,1,0
SPORTS280C,Warehouse1,100,1,0
SPORTS281C,Warehouse1,100,1,0
SPORTS282C,Warehouse1,100,1,0
SPORTS283C,Warehouse1,100,1,0
SPORTS284C,Warehouse1,100,1,0
SPORTS285C,Warehouse1,100,1,0
SPORTS286C,Warehouse1,100,1,0
SPORTS287C,Warehouse1,100,1,0
SPORTS288C,Warehouse1,100,1,0
SPORTS289C,Warehouse1,100,1,0
SPORTS290C,Warehouse1,100,1,0
SPORTS291C,Warehouse1,100,1,0
SPORTS292C,Warehouse1,100,1,0
SPORTS293C,Warehouse1,100,1,0
SPORTS294C,Warehouse1,100,1,0
SPORTS295C,Warehouse1,100,1,0
SPORTS296C,Warehouse1,100,1,0
SPORTS297C,Warehouse1,100,1,0
SPORTS298C,Warehouse1,100,1,0
SPORTS299C,Warehouse1,100,1,0
SPORTS300C,Warehouse1,100,1,0
SPORTS301C,Warehouse1,100,1,0
SPORTS302C,Warehouse1,100,1,0
SPORTS303C,Warehouse1,100,1,0
SPORTS304C,Warehouse1,100,1,0
SPORTS305C,Warehouse1,100,1,0
SPORTS306C,Warehouse1,100,1,0
SPORTS307C,Warehouse1,100,1,0
SPORTS308C,Warehouse1,100,1,0
SPORTS309C,Warehouse1,100,1,0
SPORTS310C,Warehouse1,100,1,0
SPORTS311C,Warehouse1,100,1,0
SPORTS312C,Warehouse1,100,1,0
SPORTS313C,Warehouse1,100,1,0
SPORTS314C,Warehouse1,100,1,0
SPORTS315C,Warehouse1,100,1,0
SPORTS316C,Warehouse1,100,1,0
SPORTS317C,Warehouse1,100,1,0
SPORTS318C,Warehouse1,100,1,0
SPORTS319C,Warehouse1,100,1,0
SPORTS320C,Warehouse1,100,1,0
SPORTS321C,Warehouse1,100,1,0
SPORTS322C,Warehouse1,100,1,0
SPORTS323C,Warehouse1,100,1,0
SPORTS324C,Warehouse1,100,1,0
SPORTS325C,Warehouse1,100,1,0
SPORTS326C,Warehouse1,100,1,0
SPORTS327C,Warehouse1,100,1,0
SPORTS328C,Warehouse1,100,1,0
SPORTS329C,Warehouse1,100,1,0
SPORTS330C,Warehouse1,100,1,0
SPORTS331C,Warehouse1,100,1,0
SPORTS332C,Warehouse1,100,1,0
SPORTS333C,Warehouse1,100,1,0
SPORTS334C,Warehouse1,100,1,0
SPORTS335C,Warehouse1,100,1,0
SPORTS336C,Warehouse1,100,1,0
SPORTS337C,Warehouse1,100,1,0
SPORTS338C,Warehouse1,100,1,0
SPORTS339C,Warehouse1,100,1,0
SPORTS340C,Warehouse1,100,1,0
SPORTS341C,Warehouse1,100,1,0
SPORTS342C,Warehouse1,100,1,0
SPORTS343C,Warehouse1,100,1,0
SPORTS344C,Warehouse1,100,1,0
SPORTS345C,Warehouse1,100,1,0
SPORTS346C,Warehouse1,100,1,0
SPORTS347C,Warehouse1,100,1,0
SPORTS348C,Warehouse1,100,1,0
SPORTS349C,Warehouse1,100,1,0
SPORTS350C,Warehouse1,100,1,0
SPORTS351C,Warehouse1,100,1,0
SPORTS352C,Warehouse1,100,1,0
SPORTS353C,Warehouse1,100,1,0
SPORTS354C,Warehouse1,100,1,0
SPORTS355C,Warehouse1,100,1,0
SPORTS356C,Warehouse1,100,1,0
SPORTS357C,Warehouse1,100,1,0
SPORTS358C,Warehouse1,100,1,0
SPORTS359C,Warehouse1,100,1,0
SPORTS360C,Warehouse1,100,1,0
SPORTS361C,Warehouse1,100,1,0
SPORTS362C,Warehouse1,100,1,0
SPORTS363C,Warehouse1,100,1,0
SPORTS364C,Warehouse1,100,1,0
SPORTS365C,Warehouse1,100,1,0
SPORTS366C,Warehouse1,100,1,0
SPORTS367C,Warehouse1,100,1,0
SPORTS368C,Warehouse1,100,1,0
SPORTS369C,Warehouse1,100,1,0
SPORTS370C,Warehouse1,100,1,0
SPORTS371C,Warehouse1,100,1,0
SPORTS372C,Warehouse1,100,1,0
SPORTS373C,Warehouse1,100,1,0
SPORTS374C,Warehouse1,100,1,0
SPORTS375C,Warehouse1,100,1,0
SPORTS376C,Warehouse1,100,1,0
SPORTS377C,Warehouse1,100,1,0
SPORTS378C,Warehouse1,100,1,0
SPORTS379C,Warehouse1,100,1,0
SPORTS380C,Warehouse1,100,1,0
SPORTS381C,Warehouse1,100,1,0
SPORTS382C,Warehouse1,100,1,0
SPORTS383C,Warehouse1,100,1,0
SPORTS384C,Warehouse1,100,1,0
SPORTS385C,Warehouse1,100,1,0
SPORTS386C,Warehouse1,100,1,0
SPORTS387C,Warehouse1,100,1,0
SPORTS388C,Warehouse1,100,1,0
SPORTS389C,Warehouse1,100,1,0
SPORTS390C,Warehouse1,100,1,0
SPORTS391C,Warehouse1,100,1,0
SPORTS392C,Warehouse1,100,1,0
SPORTS393C,Warehouse1,100,1,0
SPORTS394C,Warehouse1,100,1,0
SPORTS395C,Warehouse1,100,1,0
SPORTS396C,Warehouse1,100,1,0
SPORTS397C,Warehouse1,100,1,0
SPORTS398C,Warehouse1,100,1,0
SPORTS399C,Warehouse1,100,1,0
SPORTS400C,Warehouse1,100,1,0
SPORTS401C,Warehouse1,100,1,0
SPORTS402C,Warehouse1,100,1,0
SPORTS403C,Warehouse1,100,1,0
SPORTS404C,Warehouse1,100,1,0
SPORTS405C,Warehouse1,100,1,0
SPORTS406C,Warehouse1,100,1,0
SPORTS407C,Warehouse1,100,1,0
SPORTS408C,Warehouse1,100,1,0
SPORTS409C,Warehouse1,100,1,0
SPORTS410C,Warehouse1,100,1,0
SPORTS411C,Warehouse1,100,1,0
SPORTS412C,Warehouse1,100,1,0
SPORTS413C,Warehouse1,100,1,0
SPORTS414C,Warehouse1,100,1,0
SPORTS415C,Warehouse1,100,1,0
SPORTS416C,Warehouse1,100,1,0
SPORTS417C,Warehouse1,100,1,0
SPORTS418C,Warehouse1,100,1,0
SPORTS419C,Warehouse1,100,1,0
SPORTS420C,Warehouse1,100,1,0
SPORTS421C,Warehouse1,100,1,0
SPORTS422C,Warehouse1,100,1,0
SPORTS423C,Warehouse1,100,1,0
SPORTS424C,Warehouse1,100,1,0
SPORTS425C,Warehouse1,100,1,0
SPORTS426C,Warehouse1,100,1,0
SPORTS427C,Warehouse1,100,1,0
SPORTS428C,Warehouse1,100,1,0
SPORTS429C,Warehouse1,100,1,0
SPORTS430C,Warehouse1,100,1,0
SPORTS431C,Warehouse1,100,1,0
SPORTS432C,Warehouse1,100,1,0
SPORTS433C,Warehouse1,100,1,0
SPORTS434C,Warehouse1,100,1,0
SPORTS435C,Warehouse1,100,1,0
SPORTS436C,Warehouse1,100,1,0
SPORTS437C,Warehouse1,100,1,0
SPORTS438C,Warehouse1,100,1,0
SPORTS439C,Warehouse1,100,1,0
SPORTS440C,Warehouse1,100,1,0
SPORTS441C,Warehouse1,100,1,0
SPORTS442C,Warehouse1,100,1,0
SPORTS443C,Warehouse1,100,1,0
SPORTS444C,Warehouse1,100,1,0
SPORTS445C,Warehouse1,100,1,0
SPORTS446C,Warehouse1,100,1,0
SPORTS447C,Warehouse1,100,1,0
SPORTS448C,Warehouse1,100,1,0
SPORTS449C,Warehouse1,100,1,0
SPORTS450C,Warehouse1,100,1,0
SPORTS451C,Warehouse1,100,1,0
SPORTS452C,Warehouse1,100,1,0
SPORTS453C,Warehouse1,100,1,0
SPORTS454C,Warehouse1,100,1,0
SPORTS455C,Warehouse1,100,1,0
SPORTS456C,Warehouse1,100,1,0
SPORTS457C,Warehouse1,100,1,0
SPORTS458C,Warehouse1,100,1,0
SPORTS459C,Warehouse1,100,1,0
SPORTS460C,Warehouse1,100,1,0
SPORTS461C,Warehouse1,100,1,0
SPORTS462C,Warehouse1,100,1,0
SPORTS463C,Warehouse1,100,1,0
SPORTS464C,Warehouse1,100,1,0
SPORTS465C,Warehouse1,100,1,0
SPORTS466C,Warehouse1,100,1,0
SPORTS467C,Warehouse1,100,1,0
SPORTS468C,Warehouse1,100,1,0
SPORTS469C,Warehouse1,100,1,0
SPORTS470C,Warehouse1,100,1,0
SPORTS471C,Warehouse1,100,1,0
SPORTS472C,Warehouse1,100,1,0
SPORTS473C,Warehouse1,100,1,0
SPORTS474C,Warehouse1,100,1,0
SPORTS475C,Warehouse1,100,1,0
SPORTS476C,Warehouse1,100,1,0
SPORTS477C,Warehouse1,100,1,0
SPORTS478C,Warehouse1,100,1,0
SPORTS479C,Warehouse1,100,1,0
SPORTS480C,Warehouse1,100,1,0
SPORTS481C,Warehouse1,100,1,0
SPORTS482C,Warehouse1,100,1,0
SPORTS483C,Warehouse1,100,1,0
SPORTS484C,Warehouse1,100,1,0
SPORTS485C,Warehouse1,100,1,0
SPORTS486C,Warehouse1,100,1,0
SPORTS487C,Warehouse1,100,1,0
SPORTS488C,Warehouse1,100,1,0
SPORTS489C,Warehouse1,100,1,0
SPORTS490C,Warehouse1,100,1,0
SPORTS491C,Warehouse1,100,1,0
SPORTS492C,Warehouse1,100,1,0
SPORTS493C,Warehouse1,100,1,0
SPORTS494C,Warehouse1,100,1,0
SPORTS495C,Warehouse1,100,1,0
SPORTS496C,Warehouse1,100,1,0
SPORTS497C,Warehouse1,100,1,0
SPORTS498C,Warehouse1,100,1,0
SPORTS499C,Warehouse1,100,1,0
SPORTS500C,Warehouse1,100,1,0
SPORTS501C,Warehouse1,100,1,0
SPORTS502C,Warehouse1,100,1,0
SPORTS503C,Warehouse1,100,1,0
SPORTS504C,Warehouse1,100,1,0
SPORTS505C,Warehouse1,100,1,0
SPORTS506C,Warehouse1,100,1,0
SPORTS507C,Warehouse1,100,1,0
SPORTS508C,Warehouse1,100,1,0
SPORTS509C,Warehouse1,100,1,0
SPORTS510C,Warehouse1,100,1,0
SPORTS511C,Warehouse1,100,1,0
SPORTS512C,Warehouse1,100,1,0
SPORTS513C,Warehouse1,100,1,0
SPORTS514C,Warehouse1,100,1,0
SPORTS515C,Warehouse1,100,1,0
SPORTS516C,Warehouse1,100,1,0
SPORTS517C,Warehouse1,100,1,0
SPORTS518C,Warehouse1,100,1,0
SPORTS519C,Warehouse1,100,1,0
SPORTS520C,Warehouse1,100,1,0
SPORTS521C,Warehouse1,100,1,0
SPORTS522C,Warehouse1,100,1,0
SPORTS523C,Warehouse1,100,1,0
SPORTS524C,Warehouse1,100,1,0
SPORTS525C,Warehouse1,100,1,0
SPORTS526C,Warehouse1,100,1,0
SPORTS527C,Warehouse1,100,1,0
SPORTS528C,Warehouse1,100,1,0
SPORTS529C,Warehouse1,100,1,0
SPORTS530C,Warehouse1,100,1,0
SPORTS531C,Warehouse1,100,1,0
SPORTS532C,Warehouse1,100,1,0
SPORTS533C,Warehouse1,100,1,0
SPORTS534C,Warehouse1,100,1,0
SPORTS535C,Warehouse1,100,1,0
SPORTS536C,Warehouse1,100,1,0
SPORTS537C,Warehouse1,100,1,0
SPORTS538C,Warehouse1,100,1,0
SPORTS539C,Warehouse1,100,1,0
SPORTS540C,Warehouse1,100,1,0
SPORTS541C,Warehouse1,100,1,0
SPORTS542C,Warehouse1,100,1,0
SPORTS543C,Warehouse1,100,1,0
SPORTS544C,Warehouse1,100,1,0
SPORTS545C,Warehouse1,100,1,0
SPORTS546C,Warehouse1,100,1,0
SPORTS547C,Warehouse1,100,1,0
SPORTS548C,Warehouse1,100,1,0
SPORTS549C,Warehouse1,100,1,0
SPORTS550C,Warehouse1,100,1,0
SPORTS551C,Warehouse1,100,1,0
SPORTS552C,Warehouse1,100,1,0
SPORTS553C,Warehouse1,100,1,0
SPORTS554C,Warehouse1,100,1,0
SPORTS555C,Warehouse1,100,1,0
SPORTS556C,Warehouse1,100,1,0
SPORTS557C,Warehouse1,100,1,0
SPORTS558C,Warehouse1,100,1,0
SPORTS559C,Warehouse1,100,1,0
SPORTS560C,Warehouse1,100,1,0
SPORTS561C,Warehouse1,100,1,0
SPORTS562C,Warehouse1,100,1,0
SPORTS563C,Warehouse1,100,1,0
SPORTS564C,Warehouse1,100,1,0
SPORTS565C,Warehouse1,100,1,0
SPORTS566C,Warehouse1,100,1,0
SPORTS567C,Warehouse1,100,1,0
SPORTS568C,Warehouse1,100,1,0
SPORTS569C,Warehouse1,100,1,0
SPORTS570C,Warehouse1,100,1,0
SPORTS571C,Warehouse1,100,1,0
SPORTS572C,Warehouse1,100,1,0
SPORTS573C,Warehouse1,100,1,0
SPORTS574C,Warehouse1,100,1,0
SPORTS575C,Warehouse1,100,1,0
SPORTS576C,Warehouse1,100,1,0
SPORTS577C,Warehouse1,100,1,0
SPORTS578C,Warehouse1,100,1,0
SPORTS579C,Warehouse1,100,1,0
SPORTS580C,Warehouse1,100,1,0
SPORTS581C,Warehouse1,100,1,0
SPORTS582C,Warehouse1,100,1,0
SPORTS583C,Warehouse1,100,1,0
SPORTS584C,Warehouse1,100,1,0
SPORTS585C,Warehouse1,100,1,0
SPORTS586C,Warehouse1,100,1,0
SPORTS587C,Warehouse1,100,1,0
SPORTS588C,Warehouse1,100,1,0
SPORTS589C,Warehouse1,100,1,0
SPORTS590C,Warehouse1,100,1,0
SPORTS591C,Warehouse1,100,1,0
SPORTS592C,Warehouse1,100,1,0
SPORTS593C,Warehouse1,100,1,0
SPORTS594C,Warehouse1,100,1,0
SPORTS595C,Warehouse1,100,1,0
SPORTS596C,Warehouse1,100,1,0
SPORTS597C,Warehouse1,100,1,0
SPORTS598C,Warehouse1,100,1,0
SPORTS599C,Warehouse1,100,1,0
SPORTS600C,Warehouse1,100,1,0
SPORTS601C,Warehouse1,100,1,0
SPORTS602C,Warehouse1,100,1,0
SPORTS603C,Warehouse1,100,1,0
SPORTS604C,Warehouse1,100,1,0
SPORTS605C,Warehouse1,100,1,0
SPORTS606C,Warehouse1,100,1,0
SPORTS607C,Warehouse1,100,1,0
SPORTS608C,Warehouse1,100,1,0
SPORTS609C,Warehouse1,100,1,0
SPORTS610C,Warehouse1,100,1,0
SPORTS611C,Warehouse1,100,1,0
SPORTS612C,Warehouse1,100,1,0
SPORTS613C,Warehouse1,100,1,0
SPORTS614C,Warehouse1,100,1,0
SPORTS615C,Warehouse1,100,1,0
SPORTS616C,Warehouse1,100,1,0
SPORTS617C,Warehouse1,100,1,0
SPORTS618C,Warehouse1,100,1,0
SPORTS619C,Warehouse1,100,1,0
SPORTS620C,Warehouse1,100,1,0
SPORTS621C,Warehouse1,100,1,0
SPORTS622C,Warehouse1,100,1,0
SPORTS623C,Warehouse1,100,1,0
SPORTS624C,Warehouse1,100,1,0
SPORTS625C,Warehouse1,100,1,0
SPORTS626C,Warehouse1,100,1,0
SPORTS627C,Warehouse1,100,1,0
SPORTS628C,Warehouse1,100,1,0
SPORTS629C,Warehouse1,100,1,0
SPORTS630C,Warehouse1,100,1,0
SPORTS631C,Warehouse1,100,1,0
SPORTS632C,Warehouse1,100,1,0
SPORTS633C,Warehouse1,100,1,0
SPORTS634C,Warehouse1,100,1,0
SPORTS635C,Warehouse1,100,1,0
SPORTS636C,Warehouse1,100,1,0
SPORTS637C,Warehouse1,100,1,0
SPORTS638C,Warehouse1,100,1,0
