abstract_sku,store_name
SPORTS0,DE
SPORTS1,DE
SPORTS2,DE
SPORTS3,DE
SPORTS4,DE
SPORTS5,DE
SPORTS6,DE
SPORTS7,DE
SPORTS8,DE
SPORTS9,DE
SPORTS10,DE
SPORTS11,DE
SPORTS12,DE
SPORTS13,DE
SPORTS14,DE
SPORTS15,DE
SPORTS16,DE
SPORTS17,DE
SPORTS18,DE
SPORTS19,DE
SPORTS20,DE
SPORTS21,DE
SPORTS22,DE
SPORTS23,DE
SPORTS24,DE
SPORTS25,DE
SPORTS26,DE
SPORTS27,DE
SPORTS28,DE
SPORTS29,DE
SPORTS30,DE
SPORTS31,DE
SPORTS32,DE
SPORTS33,DE
SPORTS34,DE
SPORTS35,DE
SPORTS36,DE
SPORTS37,DE
SPORTS38,DE
SPORTS39,DE
SPORTS40,DE
SPORTS41,DE
SPORTS42,DE
SPORTS43,DE
SPORTS44,DE
SPORTS45,DE
SPORTS46,DE
SPORTS47,DE
SPORTS48,DE
SPORTS49,DE
SPORTS50,DE
SPORTS51,DE
SPORTS52,DE
SPORTS53,DE
SPORTS54,DE
SPORTS55,DE
SPORTS56,DE
SPORTS57,DE
SPORTS58,DE
SPORTS59,DE
SPORTS60,DE
SPORTS61,DE
SPORTS62,DE
SPORTS63,DE
SPORTS64,DE
SPORTS65,DE
SPORTS66,DE
SPORTS67,DE
SPORTS68,DE
SPORTS69,DE
SPORTS70,DE
SPORTS71,DE
SPORTS72,DE
SPORTS73,DE
SPORTS74,DE
SPORTS75,DE
SPORTS76,DE
SPORTS77,DE
SPORTS78,DE
SPORTS79,DE
SPORTS80,DE
SPORTS81,DE
SPORTS82,DE
SPORTS83,DE
SPORTS84,DE
SPORTS85,DE
SPORTS86,DE
SPORTS87,DE
SPORTS88,DE
SPORTS89,DE
SPORTS90,DE
SPORTS91,DE
SPORTS92,DE
SPORTS93,DE
SPORTS94,DE
SPORTS95,DE
SPORTS96,DE
SPORTS97,DE
SPORTS98,DE
SPORTS99,DE
SPORTS100,DE
SPORTS101,DE
SPORTS102,DE
SPORTS103,DE
SPORTS104,DE
SPORTS105,DE
SPORTS106,DE
SPORTS107,DE
SPORTS108,DE
SPORTS109,DE
SPORTS110,DE
SPORTS111,DE
SPORTS112,DE
SPORTS113,DE
SPORTS114,DE
SPORTS115,DE
SPORTS116,DE
SPORTS117,DE
SPORTS118,DE
SPORTS119,DE
SPORTS120,DE
SPORTS121,DE
SPORTS122,DE
SPORTS123,DE
SPORTS124,DE
SPORTS125,DE
SPORTS126,DE
SPORTS127,DE
SPORTS128,DE
SPORTS129,DE
SPORTS130,DE
SPORTS131,DE
SPORTS132,DE
SPORTS133,DE
SPORTS134,DE
SPORTS135,DE
SPORTS136,DE
SPORTS137,DE
SPORTS138,DE
SPORTS139,DE
SPORTS140,DE
SPORTS141,DE
SPORTS142,DE
SPORTS143,DE
SPORTS144,DE
SPORTS145,DE
SPORTS146,DE
SPORTS147,DE
SPORTS148,DE
SPORTS149,DE
SPORTS150,DE
SPORTS151,DE
SPORTS152,DE
SPORTS153,DE
SPORTS154,DE
SPORTS155,DE
SPORTS156,DE
SPORTS157,DE
SPORTS158,DE
SPORTS159,DE
SPORTS160,DE
SPORTS161,DE
SPORTS162,DE
SPORTS163,DE
SPORTS164,DE
SPORTS165,DE
SPORTS166,DE
SPORTS167,DE
SPORTS168,DE
SPORTS169,DE
SPORTS170,DE
SPORTS171,DE
SPORTS172,DE
SPORTS173,DE
SPORTS174,DE
SPORTS175,DE
SPORTS176,DE
SPORTS177,DE
SPORTS178,DE
SPORTS179,DE
SPORTS180,DE
SPORTS181,DE
SPORTS182,DE
SPORTS183,DE
SPORTS184,DE
SPORTS185,DE
SPORTS186,DE
SPORTS187,DE
SPORTS188,DE
SPORTS189,DE
SPORTS190,DE
SPORTS191,DE
SPORTS192,DE
SPORTS193,DE
SPORTS194,DE
SPORTS195,DE
SPORTS196,DE
SPORTS197,DE
SPORTS198,DE
SPORTS199,DE
SPORTS200,DE
SPORTS201,DE
SPORTS202,DE
SPORTS203,DE
SPORTS204,DE
SPORTS205,DE
SPORTS206,DE
SPORTS207,DE
SPORTS208,DE
SPORTS209,DE
SPORTS210,DE
SPORTS211,DE
SPORTS212,DE
SPORTS213,DE
SPORTS214,DE
SPORTS215,DE
SPORTS216,DE
SPORTS217,DE
SPORTS218,DE
SPORTS219,DE
SPORTS220,DE
SPORTS221,DE
SPORTS222,DE
SPORTS223,DE
SPORTS224,DE
SPORTS225,DE
SPORTS226,DE
SPORTS227,DE
SPORTS228,DE
SPORTS229,DE
SPORTS230,DE
SPORTS231,DE
SPORTS232,DE
SPORTS233,DE
SPORTS234,DE
SPORTS235,DE
SPORTS236,DE
SPORTS237,DE
SPORTS238,DE
SPORTS239,DE
SPORTS240,DE
SPORTS241,DE
SPORTS242,DE
SPORTS243,DE
SPORTS244,DE
SPORTS245,DE
SPORTS246,DE
SPORTS247,DE
SPORTS248,DE
SPORTS249,DE
SPORTS250,DE
SPORTS251,DE
SPORTS252,DE
SPORTS253,DE
SPORTS254,DE
SPORTS255,DE
SPORTS256,DE
SPORTS257,DE
SPORTS258,DE
SPORTS259,DE
SPORTS260,DE
SPORTS261,DE
SPORTS262,DE
SPORTS263,DE
SPORTS264,DE
SPORTS265,DE
SPORTS266,DE
SPORTS267,DE
SPORTS268,DE
SPORTS269,DE
SPORTS270,DE
SPORTS271,DE
SPORTS272,DE
SPORTS273,DE
SPORTS274,DE
SPORTS275,DE
SPORTS276,DE
SPORTS277,DE
SPORTS278,DE
SPORTS279,DE
SPORTS280,DE
SPORTS281,DE
SPORTS282,DE
SPORTS283,DE
SPORTS284,DE
SPORTS285,DE
SPORTS286,DE
SPORTS287,DE
SPORTS288,DE
SPORTS289,DE
SPORTS290,DE
SPORTS291,DE
SPORTS292,DE
SPORTS293,DE
SPORTS294,DE
SPORTS295,DE
SPORTS296,DE
SPORTS297,DE
SPORTS298,DE
SPORTS299,DE
SPORTS300,DE
SPORTS301,DE
SPORTS302,DE
SPORTS303,DE
SPORTS304,DE
SPORTS305,DE
SPORTS306,DE
SPORTS307,DE
SPORTS308,DE
SPORTS309,DE
SPORTS310,DE
SPORTS311,DE
SPORTS312,DE
SPORTS313,DE
SPORTS314,DE
SPORTS315,DE
SPORTS316,DE
SPORTS317,DE
SPORTS318,DE
SPORTS319,DE
SPORTS320,DE
SPORTS321,DE
SPORTS322,DE
SPORTS323,DE
SPORTS324,DE
SPORTS325,DE
SPORTS326,DE
SPORTS327,DE
SPORTS328,DE
SPORTS329,DE
SPORTS330,DE
SPORTS331,DE
SPORTS332,DE
SPORTS333,DE
SPORTS334,DE
SPORTS335,DE
SPORTS336,DE
SPORTS337,DE
SPORTS338,DE
SPORTS339,DE
SPORTS340,DE
SPORTS341,DE
SPORTS342,DE
SPORTS343,DE
SPORTS344,DE
SPORTS345,DE
SPORTS346,DE
SPORTS347,DE
SPORTS348,DE
SPORTS349,DE
SPORTS350,DE
SPORTS351,DE
SPORTS352,DE
SPORTS353,DE
SPORTS354,DE
SPORTS355,DE
SPORTS356,DE
SPORTS357,DE
SPORTS358,DE
SPORTS359,DE
SPORTS360,DE
SPORTS361,DE
SPORTS362,DE
SPORTS363,DE
SPORTS364,DE
SPORTS365,DE
SPORTS366,DE
SPORTS367,DE
SPORTS368,DE
SPORTS369,DE
SPORTS370,DE
SPORTS371,DE
SPORTS372,DE
SPORTS373,DE
SPORTS374,DE
SPORTS375,DE
SPORTS376,DE
SPORTS377,DE
SPORTS378,DE
SPORTS379,DE
SPORTS380,DE
SPORTS381,DE
SPORTS382,DE
SPORTS383,DE
SPORTS384,DE
SPORTS385,DE
SPORTS386,DE
SPORTS387,DE
SPORTS388,DE
SPORTS389,DE
SPORTS390,DE
SPORTS391,DE
SPORTS392,DE
SPORTS393,DE
SPORTS394,DE
SPORTS395,DE
SPORTS396,DE
SPORTS397,DE
SPORTS398,DE
SPORTS399,DE
SPORTS400,DE
SPORTS401,DE
SPORTS402,DE
SPORTS403,DE
SPORTS404,DE
SPORTS405,DE
SPORTS406,DE
SPORTS407,DE
SPORTS408,DE
SPORTS409,DE
SPORTS410,DE
SPORTS411,DE
SPORTS412,DE
SPORTS413,DE
SPORTS414,DE
SPORTS415,DE
SPORTS416,DE
SPORTS417,DE
SPORTS418,DE
SPORTS419,DE
SPORTS420,DE
SPORTS421,DE
SPORTS422,DE
SPORTS423,DE
SPORTS424,DE
SPORTS425,DE
SPORTS426,DE
SPORTS427,DE
SPORTS428,DE
SPORTS429,DE
SPORTS430,DE
SPORTS431,DE
SPORTS432,DE
SPORTS433,DE
SPORTS434,DE
SPORTS435,DE
SPORTS436,DE
SPORTS437,DE
SPORTS438,DE
SPORTS439,DE
SPORTS440,DE
SPORTS441,DE
SPORTS442,DE
SPORTS443,DE
SPORTS444,DE
SPORTS445,DE
SPORTS446,DE
SPORTS447,DE
SPORTS448,DE
SPORTS449,DE
SPORTS450,DE
SPORTS451,DE
SPORTS452,DE
SPORTS453,DE
SPORTS454,DE
SPORTS455,DE
SPORTS456,DE
SPORTS457,DE
SPORTS458,DE
SPORTS459,DE
SPORTS460,DE
SPORTS461,DE
SPORTS462,DE
SPORTS463,DE
SPORTS464,DE
SPORTS465,DE
SPORTS466,DE
SPORTS467,DE
SPORTS468,DE
SPORTS469,DE
SPORTS470,DE
SPORTS471,DE
SPORTS472,DE
SPORTS473,DE
SPORTS474,DE
SPORTS475,DE
SPORTS476,DE
SPORTS477,DE
SPORTS478,DE
SPORTS479,DE
SPORTS480,DE
SPORTS481,DE
SPORTS482,DE
SPORTS483,DE
SPORTS484,DE
SPORTS485,DE
SPORTS486,DE
SPORTS487,DE
SPORTS488,DE
SPORTS489,DE
SPORTS490,DE
SPORTS491,DE
SPORTS492,DE
SPORTS493,DE
SPORTS494,DE
SPORTS495,DE
SPORTS496,DE
SPORTS497,DE
SPORTS498,DE
SPORTS499,DE
SPORTS500,DE
SPORTS501,DE
SPORTS502,DE
SPORTS503,DE
SPORTS504,DE
SPORTS505,DE
SPORTS506,DE
SPORTS507,DE
SPORTS508,DE
SPORTS509,DE
SPORTS510,DE
SPORTS511,DE
SPORTS512,DE
SPORTS513,DE
SPORTS514,DE
SPORTS515,DE
SPORTS516,DE
SPORTS517,DE
SPORTS518,DE
SPORTS519,DE
SPORTS520,DE
SPORTS521,DE
SPORTS522,DE
SPORTS523,DE
SPORTS524,DE
SPORTS525,DE
SPORTS526,DE
SPORTS527,DE
SPORTS528,DE
SPORTS529,DE
SPORTS530,DE
SPORTS531,DE
SPORTS532,DE
SPORTS533,DE
SPORTS534,DE
SPORTS535,DE
SPORTS536,DE
SPORTS537,DE
SPORTS538,DE
SPORTS539,DE
SPORTS540,DE
SPORTS541,DE
SPORTS542,DE
SPORTS543,DE
SPORTS544,DE
SPORTS545,DE
SPORTS546,DE
SPORTS547,DE
SPORTS548,DE
SPORTS549,DE
SPORTS550,DE
SPORTS551,DE
SPORTS552,DE
SPORTS553,DE
SPORTS554,DE
SPORTS555,DE
SPORTS556,DE
SPORTS557,DE
SPORTS558,DE
SPORTS559,DE
SPORTS560,DE
SPORTS561,DE
SPORTS562,DE
SPORTS563,DE
SPORTS564,DE
SPORTS565,DE
SPORTS566,DE
SPORTS567,DE
SPORTS568,DE
SPORTS569,DE
SPORTS570,DE
SPORTS571,DE
SPORTS572,DE
SPORTS573,DE
SPORTS574,DE
SPORTS575,DE
SPORTS576,DE
SPORTS577,DE
SPORTS578,DE
SPORTS579,DE
SPORTS580,DE
SPORTS581,DE
SPORTS582,DE
SPORTS583,DE
SPORTS584,DE
SPORTS585,DE
SPORTS586,DE
SPORTS587,DE
SPORTS588,DE
SPORTS589,DE
SPORTS590,DE
SPORTS591,DE
SPORTS592,DE
SPORTS593,DE
SPORTS594,DE
SPORTS595,DE
SPORTS596,DE
SPORTS597,DE
SPORTS598,DE
SPORTS599,DE
SPORTS600,DE
SPORTS601,DE
SPORTS602,DE
SPORTS603,DE
SPORTS604,DE
SPORTS605,DE
SPORTS606,DE
SPORTS607,DE
SPORTS608,DE
SPORTS609,DE
SPORTS610,DE
SPORTS611,DE
SPORTS612,DE
SPORTS613,DE
SPORTS614,DE
SPORTS615,DE
SPORTS616,DE
SPORTS617,DE
SPORTS618,DE
SPORTS619,DE
SPORTS620,DE
SPORTS621,DE
SPORTS622,DE
SPORTS623,DE
SPORTS624,DE
SPORTS625,DE
SPORTS626,DE
SPORTS627,DE
SPORTS628,DE
SPORTS629,DE
SPORTS630,DE
SPORTS631,DE
SPORTS632,DE
SPORTS633,DE
SPORTS634,DE
SPORTS635,DE
SPORTS636,DE
SPORTS637,DE
SPORTS638,DE
